FoodItemID,FoodName,ServingSizeGrams,Calories,ProteinG,CarbsG,FatG
1,Paneer,50,132.5,9.15,0.6,10.4
2,Spinach,150,34.5,4.35,5.4,0.6
3,Protein Shake,200,840.0,70.0,80.0,16.0
4,Broccoli,125,43.75,3.5,8.75,0.5
5,Cucumber,200,30.0,1.4,7.2,0.2
6,Milk,200,122.0,6.4,9.6,6.6
7,Soy Chunks,200,690.0,104.0,66.0,1.0
8,Sweet Potato,150,129.0,2.4,30.0,0.15
9,Tofu,200,288.0,31.4,7.8,17.4
10,Whole Wheat Bread,150,370.5,19.5,61.5,6.3
11,Carrot,50,20.5,0.45,5.0,0.1
12,Oats,100,389.0,16.9,66.3,6.9
13,Moong Dal,200,694.0,48.0,126.0,2.4
14,Boiled Potato,150,130.5,3.0,30.0,0.15
15,Chapati,75,90.0,2.62,16.5,1.5
16,Chickpeas,125,455.0,23.75,76.25,7.5
17,Curd,150,147.0,16.5,5.1,6.45
18,Rajma,150,499.5,36.0,90.0,1.2
19,Peanut Butter,150,882.0,37.5,30.0,75.0
20,Orange,200,94.0,1.8,24.0,0.2
21,Cashews,75,414.75,13.5,22.5,33.0
22,Tomato,200,36.0,1.8,7.8,0.4
23,Rice,200,260.0,5.4,56.0,0.6
24,Brown Rice,150,168.0,3.9,34.5,1.2
25,Apple,150,78.0,0.45,21.0,0.3
26,Almonds,200,1158.0,42.0,44.0,100.0
27,Walnuts,125,817.5,18.75,17.5,81.25
28,Masoor Dal,150,528.0,37.5,90.0,1.5
29,Mango,50,30.0,0.4,7.5,0.2
30,Banana,150,133.5,1.65,34.5,0.45
31,Walnuts,125,817.5,18.75,17.5,81.25
32,Sweet Potato,125,107.5,2.0,25.0,0.12
33,Masoor Dal,200,704.0,50.0,120.0,2.0
34,Whole Wheat Bread,150,370.5,19.5,61.5,6.3
35,Rice,50,65.0,1.35,14.0,0.15
36,Moong Dal,125,433.75,30.0,78.75,1.5
37,Orange,50,23.5,0.45,6.0,0.05
38,Broccoli,75,26.25,2.1,5.25,0.3
39,Rajma,75,249.75,18.0,45.0,0.6
40,Tomato,125,22.5,1.12,4.88,0.25
41,Apple,200,104.0,0.6,28.0,0.4
42,Soy Chunks,200,690.0,104.0,66.0,1.0
43,Curd,75,73.5,8.25,2.55,3.23
44,Cucumber,150,22.5,1.05,5.4,0.15
45,Oats,200,778.0,33.8,132.6,13.8
46,Banana,150,133.5,1.65,34.5,0.45
47,Protein Shake,50,210.0,17.5,20.0,4.0
48,Chickpeas,100,364.0,19.0,61.0,6.0
49,Paneer,200,530.0,36.6,2.4,41.6
50,Almonds,200,1158.0,42.0,44.0,100.0
51,Spinach,100,23.0,2.9,3.6,0.4
52,Mango,125,75.0,1.0,18.75,0.5
53,Brown Rice,100,112.0,2.6,23.0,0.8
54,Peanut Butter,200,1176.0,50.0,40.0,100.0
55,Milk,75,45.75,2.4,3.6,2.48
56,Boiled Potato,125,108.75,2.5,25.0,0.12
57,Tofu,75,108.0,11.78,2.92,6.53
58,Chapati,50,60.0,1.75,11.0,1.0
59,Carrot,75,30.75,0.68,7.5,0.15
60,Cashews,125,691.25,22.5,37.5,55.0
61,Broccoli,125,43.75,3.5,8.75,0.5
62,Milk,200,122.0,6.4,9.6,6.6
63,Mango,150,90.0,1.2,22.5,0.6
64,Chapati,75,90.0,2.62,16.5,1.5
65,Whole Wheat Bread,125,308.75,16.25,51.25,5.25
66,Carrot,50,20.5,0.45,5.0,0.1
67,Brown Rice,50,56.0,1.3,11.5,0.4
68,Boiled Potato,50,43.5,1.0,10.0,0.05
69,Spinach,125,28.75,3.62,4.5,0.5
70,Soy Chunks,100,345.0,52.0,33.0,0.5
71,Apple,75,39.0,0.23,10.5,0.15
72,Cashews,75,414.75,13.5,22.5,33.0
73,Protein Shake,200,840.0,70.0,80.0,16.0
74,Moong Dal,100,347.0,24.0,63.0,1.2
75,Rice,50,65.0,1.35,14.0,0.15
76,Oats,75,291.75,12.68,49.73,5.17
77,Curd,50,49.0,5.5,1.7,2.15
78,Walnuts,125,817.5,18.75,17.5,81.25
79,Chickpeas,50,182.0,9.5,30.5,3.0
80,Banana,200,178.0,2.2,46.0,0.6
81,Rajma,50,166.5,12.0,30.0,0.4
82,Orange,100,47.0,0.9,12.0,0.1
83,Tomato,75,13.5,0.68,2.92,0.15
84,Cucumber,200,30.0,1.4,7.2,0.2
85,Sweet Potato,200,172.0,3.2,40.0,0.2
86,Tofu,100,144.0,15.7,3.9,8.7
87,Peanut Butter,75,441.0,18.75,15.0,37.5
88,Paneer,200,530.0,36.6,2.4,41.6
89,Masoor Dal,150,528.0,37.5,90.0,1.5
90,Almonds,100,579.0,21.0,22.0,50.0
91,Soy Chunks,50,172.5,26.0,16.5,0.25
92,Almonds,75,434.25,15.75,16.5,37.5
93,Brown Rice,75,84.0,1.95,17.25,0.6
94,Banana,125,111.25,1.38,28.75,0.38
95,Tofu,100,144.0,15.7,3.9,8.7
96,Walnuts,100,654.0,15.0,14.0,65.0
97,Cashews,100,553.0,18.0,30.0,44.0
98,Chapati,50,60.0,1.75,11.0,1.0
99,Mango,100,60.0,0.8,15.0,0.4
100,Whole Wheat Bread,50,123.5,6.5,20.5,2.1
101,Cucumber,50,7.5,0.35,1.8,0.05
102,Chickpeas,150,546.0,28.5,91.5,9.0
103,Carrot,75,30.75,0.68,7.5,0.15
104,Protein Shake,100,420.0,35.0,40.0,8.0
105,Boiled Potato,150,130.5,3.0,30.0,0.15
106,Tomato,100,18.0,0.9,3.9,0.2
107,Curd,50,49.0,5.5,1.7,2.15
108,Rajma,75,249.75,18.0,45.0,0.6
109,Rice,100,130.0,2.7,28.0,0.3
110,Apple,125,65.0,0.38,17.5,0.25
111,Peanut Butter,75,441.0,18.75,15.0,37.5
112,Oats,150,583.5,25.35,99.45,10.35
113,Orange,125,58.75,1.12,15.0,0.12
114,Spinach,100,23.0,2.9,3.6,0.4
115,Paneer,125,331.25,22.88,1.5,26.0
116,Milk,200,122.0,6.4,9.6,6.6
117,Masoor Dal,200,704.0,50.0,120.0,2.0
118,Moong Dal,75,260.25,18.0,47.25,0.9
119,Sweet Potato,100,86.0,1.6,20.0,0.1
120,Broccoli,125,43.75,3.5,8.75,0.5
121,Sweet Potato,100,86.0,1.6,20.0,0.1
122,Milk,125,76.25,4.0,6.0,4.12
123,Tomato,50,9.0,0.45,1.95,0.1
124,Apple,200,104.0,0.6,28.0,0.4
125,Banana,200,178.0,2.2,46.0,0.6
126,Curd,100,98.0,11.0,3.4,4.3
127,Peanut Butter,150,882.0,37.5,30.0,75.0
128,Orange,150,70.5,1.35,18.0,0.15
129,Oats,150,583.5,25.35,99.45,10.35
130,Spinach,200,46.0,5.8,7.2,0.8
131,Cashews,125,691.25,22.5,37.5,55.0
132,Protein Shake,75,315.0,26.25,30.0,6.0
133,Rajma,125,416.25,30.0,75.0,1.0
134,Chickpeas,200,728.0,38.0,122.0,12.0
135,Whole Wheat Bread,100,247.0,13.0,41.0,4.2
136,Broccoli,100,35.0,2.8,7.0,0.4
137,Masoor Dal,125,440.0,31.25,75.0,1.25
138,Almonds,150,868.5,31.5,33.0,75.0
139,Carrot,50,20.5,0.45,5.0,0.1
140,Rice,100,130.0,2.7,28.0,0.3
141,Paneer,50,132.5,9.15,0.6,10.4
142,Soy Chunks,50,172.5,26.0,16.5,0.25
143,Cucumber,200,30.0,1.4,7.2,0.2
144,Tofu,100,144.0,15.7,3.9,8.7
145,Walnuts,50,327.0,7.5,7.0,32.5
146,Mango,125,75.0,1.0,18.75,0.5
147,Brown Rice,125,140.0,3.25,28.75,1.0
148,Boiled Potato,125,108.75,2.5,25.0,0.12
149,Chapati,100,120.0,3.5,22.0,2.0
150,Moong Dal,75,260.25,18.0,47.25,0.9
151,Curd,100,98.0,11.0,3.4,4.3
152,Spinach,75,17.25,2.17,2.7,0.3
153,Almonds,150,868.5,31.5,33.0,75.0
154,Tofu,50,72.0,7.85,1.95,4.35
155,Masoor Dal,100,352.0,25.0,60.0,1.0
156,Moong Dal,125,433.75,30.0,78.75,1.5
157,Paneer,100,265.0,18.3,1.2,20.8
158,Tomato,200,36.0,1.8,7.8,0.4
159,Walnuts,200,1308.0,30.0,28.0,130.0
160,Boiled Potato,75,65.25,1.5,15.0,0.07
161,Whole Wheat Bread,200,494.0,26.0,82.0,8.4
162,Banana,50,44.5,0.55,11.5,0.15
163,Rajma,200,666.0,48.0,120.0,1.6
164,Peanut Butter,50,294.0,12.5,10.0,25.0
165,Orange,200,94.0,1.8,24.0,0.2
166,Brown Rice,200,224.0,5.2,46.0,1.6
167,Carrot,125,51.25,1.12,12.5,0.25
168,Chapati,150,180.0,5.25,33.0,3.0
169,Protein Shake,125,525.0,43.75,50.0,10.0
170,Apple,50,26.0,0.15,7.0,0.1
171,Mango,125,75.0,1.0,18.75,0.5
172,Cashews,150,829.5,27.0,45.0,66.0
173,Chickpeas,125,455.0,23.75,76.25,7.5
174,Oats,125,486.25,21.12,82.88,8.62
175,Broccoli,150,52.5,4.2,10.5,0.6
176,Cucumber,50,7.5,0.35,1.8,0.05
177,Soy Chunks,200,690.0,104.0,66.0,1.0
178,Rice,125,162.5,3.38,35.0,0.38
179,Milk,75,45.75,2.4,3.6,2.48
180,Sweet Potato,200,172.0,3.2,40.0,0.2
181,Cucumber,150,22.5,1.05,5.4,0.15
182,Milk,50,30.5,1.6,2.4,1.65
183,Tomato,100,18.0,0.9,3.9,0.2
184,Tofu,200,288.0,31.4,7.8,17.4
185,Curd,100,98.0,11.0,3.4,4.3
186,Cashews,125,691.25,22.5,37.5,55.0
187,Almonds,150,868.5,31.5,33.0,75.0
188,Carrot,50,20.5,0.45,5.0,0.1
189,Orange,150,70.5,1.35,18.0,0.15
190,Boiled Potato,150,130.5,3.0,30.0,0.15
191,Whole Wheat Bread,75,185.25,9.75,30.75,3.15
192,Soy Chunks,125,431.25,65.0,41.25,0.62
193,Masoor Dal,50,176.0,12.5,30.0,0.5
194,Sweet Potato,50,43.0,0.8,10.0,0.05
195,Moong Dal,50,173.5,12.0,31.5,0.6
196,Walnuts,75,490.5,11.25,10.5,48.75
197,Chapati,75,90.0,2.62,16.5,1.5
198,Apple,75,39.0,0.23,10.5,0.15
199,Brown Rice,100,112.0,2.6,23.0,0.8
200,Oats,150,583.5,25.35,99.45,10.35
201,Banana,200,178.0,2.2,46.0,0.6
202,Spinach,100,23.0,2.9,3.6,0.4
203,Peanut Butter,200,1176.0,50.0,40.0,100.0
204,Protein Shake,125,525.0,43.75,50.0,10.0
205,Paneer,50,132.5,9.15,0.6,10.4
206,Rajma,200,666.0,48.0,120.0,1.6
207,Rice,100,130.0,2.7,28.0,0.3
208,Mango,125,75.0,1.0,18.75,0.5
209,Chickpeas,200,728.0,38.0,122.0,12.0
210,Broccoli,75,26.25,2.1,5.25,0.3
211,Walnuts,50,327.0,7.5,7.0,32.5
212,Orange,100,47.0,0.9,12.0,0.1
213,Carrot,200,82.0,1.8,20.0,0.4
214,Sweet Potato,100,86.0,1.6,20.0,0.1
215,Chapati,200,240.0,7.0,44.0,4.0
216,Masoor Dal,150,528.0,37.5,90.0,1.5
217,Soy Chunks,100,345.0,52.0,33.0,0.5
218,Mango,75,45.0,0.6,11.25,0.3
219,Almonds,75,434.25,15.75,16.5,37.5
220,Banana,100,89.0,1.1,23.0,0.3
221,Curd,150,147.0,16.5,5.1,6.45
222,Cucumber,50,7.5,0.35,1.8,0.05
223,Broccoli,75,26.25,2.1,5.25,0.3
224,Tomato,150,27.0,1.35,5.85,0.3
225,Boiled Potato,75,65.25,1.5,15.0,0.07
226,Spinach,125,28.75,3.62,4.5,0.5
227,Moong Dal,100,347.0,24.0,63.0,1.2
228,Milk,75,45.75,2.4,3.6,2.48
229,Cashews,100,553.0,18.0,30.0,44.0
230,Peanut Butter,125,735.0,31.25,25.0,62.5
231,Brown Rice,100,112.0,2.6,23.0,0.8
232,Oats,50,194.5,8.45,33.15,3.45
233,Protein Shake,150,630.0,52.5,60.0,12.0
234,Tofu,200,288.0,31.4,7.8,17.4
235,Apple,75,39.0,0.23,10.5,0.15
236,Paneer,75,198.75,13.72,0.9,15.6
237,Rajma,125,416.25,30.0,75.0,1.0
238,Chickpeas,100,364.0,19.0,61.0,6.0
239,Rice,125,162.5,3.38,35.0,0.38
240,Whole Wheat Bread,100,247.0,13.0,41.0,4.2
241,Curd,75,73.5,8.25,2.55,3.23
242,Soy Chunks,100,345.0,52.0,33.0,0.5
243,Oats,100,389.0,16.9,66.3,6.9
244,Cashews,50,276.5,9.0,15.0,22.0
245,Walnuts,125,817.5,18.75,17.5,81.25
246,Chickpeas,75,273.0,14.25,45.75,4.5
247,Moong Dal,200,694.0,48.0,126.0,2.4
248,Paneer,125,331.25,22.88,1.5,26.0
249,Rice,150,195.0,4.05,42.0,0.45
250,Tofu,50,72.0,7.85,1.95,4.35
251,Rajma,50,166.5,12.0,30.0,0.4
252,Tomato,50,9.0,0.45,1.95,0.1
253,Protein Shake,100,420.0,35.0,40.0,8.0
254,Mango,200,120.0,1.6,30.0,0.8
255,Orange,150,70.5,1.35,18.0,0.15
256,Chapati,100,120.0,3.5,22.0,2.0
257,Brown Rice,150,168.0,3.9,34.5,1.2
258,Spinach,100,23.0,2.9,3.6,0.4
259,Apple,200,104.0,0.6,28.0,0.4
260,Banana,150,133.5,1.65,34.5,0.45
261,Cucumber,100,15.0,0.7,3.6,0.1
262,Milk,200,122.0,6.4,9.6,6.6
263,Masoor Dal,125,440.0,31.25,75.0,1.25
264,Almonds,50,289.5,10.5,11.0,25.0
265,Whole Wheat Bread,100,247.0,13.0,41.0,4.2
266,Peanut Butter,125,735.0,31.25,25.0,62.5
267,Carrot,200,82.0,1.8,20.0,0.4
268,Boiled Potato,100,87.0,2.0,20.0,0.1
269,Broccoli,200,70.0,5.6,14.0,0.8
270,Sweet Potato,200,172.0,3.2,40.0,0.2
271,Apple,125,65.0,0.38,17.5,0.25
272,Protein Shake,200,840.0,70.0,80.0,16.0
273,Carrot,150,61.5,1.35,15.0,0.3
274,Walnuts,50,327.0,7.5,7.0,32.5
275,Cucumber,125,18.75,0.88,4.5,0.12
276,Spinach,50,11.5,1.45,1.8,0.2
277,Cashews,100,553.0,18.0,30.0,44.0
278,Tofu,75,108.0,11.78,2.92,6.53
279,Curd,75,73.5,8.25,2.55,3.23
280,Almonds,100,579.0,21.0,22.0,50.0
281,Mango,100,60.0,0.8,15.0,0.4
282,Milk,100,61.0,3.2,4.8,3.3
283,Soy Chunks,125,431.25,65.0,41.25,0.62
284,Masoor Dal,200,704.0,50.0,120.0,2.0
285,Paneer,50,132.5,9.15,0.6,10.4
286,Orange,200,94.0,1.8,24.0,0.2
287,Rice,200,260.0,5.4,56.0,0.6
288,Chickpeas,50,182.0,9.5,30.5,3.0
289,Whole Wheat Bread,50,123.5,6.5,20.5,2.1
290,Sweet Potato,200,172.0,3.2,40.0,0.2
291,Banana,75,66.75,0.82,17.25,0.23
292,Brown Rice,75,84.0,1.95,17.25,0.6
293,Boiled Potato,75,65.25,1.5,15.0,0.07
294,Peanut Butter,150,882.0,37.5,30.0,75.0
295,Moong Dal,100,347.0,24.0,63.0,1.2
296,Oats,125,486.25,21.12,82.88,8.62
297,Chapati,150,180.0,5.25,33.0,3.0
298,Rajma,125,416.25,30.0,75.0,1.0
299,Tomato,75,13.5,0.68,2.92,0.15
300,Broccoli,200,70.0,5.6,14.0,0.8
