UserID,FirstName,LastName,Email,DateOfBirth,Gender,HeightCM,StartingWeightKG,GoalType
1,Brian,Figueroa,jeffreydoyle@example.net,2004-03-06,M,178.5,80.3,WeightLoss
2,Angie,Henderson,davisjesse@example.net,1997-10-11,F,172.7,65.2,WeightLoss
3,Justin,Baldwin,lrobinson@example.com,1962-06-21,M,186.1,91.2,MuscleGain
4,Peter,Moore,jpeterson@example.org,1961-02-08,M,178.8,76.4,MuscleGain
5,Brian,James,melanie94@example.org,1983-07-28,M,176.7,59.0,WeightLoss
6,Joshua,Dudley,smiller@example.net,1991-12-06,M,171.1,69.8,WeightLoss
7,Stephen,Ward,janetwilliams@example.org,2002-10-03,M,168.6,65.1,MuscleGain
8,Victoria,Wyatt,jamesshawn@example.com,1980-05-10,F,160.4,68.8,WeightLoss
9,Jacqueline,Clark,jacqueline19@example.net,1971-09-25,F,158.2,69.3,Maintain
10,Joseph,Sanchez,ogray@example.net,1972-04-23,M,177.6,74.8,Maintain
11,Daniel,Nguyen,perezantonio@example.com,1998-07-26,M,170.8,104.2,MuscleGain
12,Debra,Clark,jason76@example.net,1987-12-19,F,154.6,77.9,WeightLoss
13,Charles,Taylor,julie69@example.com,1991-11-21,M,176.5,58.5,Maintain
14,Colleen,Bright,ddavis@example.org,1985-04-19,F,163.4,76.9,WeightLoss
15,Lori,Conner,ycarlson@example.com,1971-01-24,F,161.2,64.4,WeightLoss
16,Whitney,Rice,frazierdanny@example.net,2001-03-19,F,157.0,62.5,MuscleGain
17,Randy,Peterson,ryan70@example.net,1978-10-27,M,177.4,60.8,MuscleGain
18,Wesley,Gill,harrellkenneth@example.net,1978-08-03,M,172.3,73.9,Maintain
19,Lisa,Hernandez,amberosborne@example.net,1995-03-19,F,169.2,79.2,WeightLoss
20,Linda,Burns,hickmannatasha@example.com,1960-09-14,F,159.8,72.0,Maintain
21,Amy,Humphrey,millertodd@example.org,1976-12-16,F,158.6,65.8,MuscleGain
22,Ralph,Anderson,karroyo@example.com,1996-11-30,M,166.6,91.8,WeightLoss
23,Shane,Henderson,sarahcampos@example.net,1996-07-28,M,174.5,94.0,Maintain
24,Micheal,Ross,samuel87@example.org,1974-05-09,M,170.5,86.3,Maintain
25,Danny,Morgan,briannasmith@example.net,1977-07-14,M,174.7,100.8,WeightLoss
26,Amy,Jones,heathchad@example.org,2003-08-12,F,167.8,69.0,MuscleGain
27,Maureen,Lewis,jenniferkhan@example.net,1979-08-13,F,162.6,45.0,WeightLoss
28,Dana,Kennedy,glee@example.net,1992-10-30,F,164.5,85.7,WeightLoss
29,Heather,Jenkins,nuneztracey@example.org,1989-12-30,F,156.3,62.0,MuscleGain
30,James,Morgan,wrightjames@example.com,1964-10-15,M,177.3,75.6,MuscleGain
31,Javier,Ramirez,nancyjones@example.net,1970-03-16,M,175.7,93.6,MuscleGain
32,Anthony,Kidd,novaksara@example.org,1967-04-30,M,172.7,77.3,WeightLoss
33,Jennifer,Olson,kbarrera@example.com,1971-12-25,F,164.1,71.1,WeightLoss
34,William,Baker,smitchell@example.net,1960-10-23,M,173.4,65.0,MuscleGain
35,Matthew,Tucker,kennethnovak@example.net,1998-06-26,M,172.6,72.4,WeightLoss
36,Antonio,Edwards,silvawesley@example.net,1997-07-24,M,177.8,104.6,Maintain
37,Amy,Romero,caseyjones@example.org,1971-05-19,F,163.8,67.1,WeightLoss
38,Bryan,Zamora,bethwilliams@example.org,1988-02-21,M,174.8,82.7,Maintain
39,Mary,Cunningham,sarah35@example.org,1989-03-11,F,160.7,71.6,WeightLoss
40,Jennifer,Powers,stephen10@example.com,1978-09-27,F,153.8,81.7,WeightLoss
41,Yvette,Ferrell,medinawilliam@example.org,2002-12-07,F,167.5,57.1,WeightLoss
42,Stanley,Suarez,justin78@example.net,1984-05-31,M,165.2,89.0,WeightLoss
43,Lisa,Archer,contrerasangela@example.net,1981-04-02,F,155.1,61.2,MuscleGain
44,Teresa,Taylor,prestonjulia@example.org,1967-09-18,F,158.5,49.4,Maintain
45,Diane,Clark,james48@example.com,1979-03-14,F,154.6,73.7,WeightLoss
46,Taylor,Mathis,waltersmaria@example.org,1977-10-02,M,185.8,72.6,MuscleGain
47,Gavin,Anderson,evan78@example.net,1960-11-27,M,180.7,67.2,Maintain
48,Justin,Rodriguez,amydavenport@example.net,1989-10-08,M,184.1,62.7,WeightLoss
49,Charles,Anderson,michael05@example.org,1998-04-07,M,176.8,91.4,Maintain
50,Danielle,Garcia,vdickson@example.org,2007-01-29,F,152.8,74.3,MuscleGain
51,Sharon,Cherry,nicolejohnson@example.net,1976-10-10,F,163.8,72.2,WeightLoss
52,Rachel,Jenkins,josephcobb@example.org,1983-04-09,F,163.6,71.5,MuscleGain
53,Shane,Garrison,jamessellers@example.com,1986-09-12,M,188.1,87.7,MuscleGain
54,Robert,Savage,andrewlee@example.com,1981-06-07,M,179.6,70.3,MuscleGain
55,Sharon,Rasmussen,michael86@example.net,1979-08-16,F,170.1,58.2,Maintain
56,Erin,Johnson,gregory40@example.org,1997-02-25,F,164.9,77.9,WeightLoss
57,Jessica,Chandler,samuel81@example.com,2001-04-05,F,160.3,59.0,WeightLoss
58,Connor,Williams,zsmith@example.net,1999-11-26,M,169.3,81.1,Maintain
59,Michelle,Harmon,michaeljones@example.net,2007-05-28,F,163.9,77.9,Maintain
60,Marcus,Alvarado,cortezkevin@example.com,1983-02-19,M,185.2,78.8,MuscleGain
61,Jason,Powell,angela36@example.net,2006-01-17,M,179.4,71.7,Maintain
62,Megan,Orr,richard04@example.com,1986-06-19,F,165.4,65.3,Maintain
63,Jeffrey,Carpenter,steven73@example.net,1974-12-20,M,178.3,81.1,WeightLoss
64,Riley,Moyer,donnacampbell@example.net,1992-11-12,M,164.4,76.6,MuscleGain
65,Manuel,Davis,emilywalker@example.org,2003-09-26,M,176.5,67.1,MuscleGain
66,Allison,Sanchez,xcarr@example.org,1970-09-10,F,164.7,57.4,WeightLoss
67,Jennifer,Soto,jennifercruz@example.com,1991-08-28,F,162.4,54.3,Maintain
68,Brittany,Watts,osbornejeffery@example.net,1977-04-08,F,165.9,81.0,WeightLoss
69,John,Grant,bryantlaurie@example.net,1995-11-29,M,165.4,70.7,Maintain
70,William,Larson,usalazar@example.net,1996-10-22,M,178.6,88.2,WeightLoss
71,Sandra,Kelley,juliawells@example.com,1989-09-14,F,166.0,81.6,Maintain
72,Ryan,Ramirez,rsims@example.com,1977-06-28,M,179.6,78.2,WeightLoss
73,Michelle,Young,luis81@example.org,1965-12-08,F,156.6,65.2,Maintain
74,David,Benson,calebrussell@example.net,1970-12-05,M,175.6,109.8,WeightLoss
75,Jennifer,Clark,xprice@example.net,1992-05-15,F,166.8,48.6,Maintain
76,Alejandro,Gilmore,wwoods@example.com,2007-12-30,M,182.6,82.8,MuscleGain
77,Sarah,Ashley,vmedina@example.net,1987-03-16,F,157.0,76.2,Maintain
78,Stephanie,Freeman,ryan06@example.com,2001-09-18,F,163.5,68.5,WeightLoss
79,Meghan,Powell,marycalhoun@example.net,2006-03-07,F,177.0,75.6,WeightLoss
80,Alexander,Long,millerroy@example.com,1997-01-04,M,176.3,74.1,WeightLoss
81,Anthony,Gray,shawnrogers@example.com,1973-01-11,M,169.5,80.6,MuscleGain
82,Paul,Decker,mary70@example.net,1979-08-08,M,181.1,67.6,MuscleGain
83,Anthony,Crane,debraharrington@example.net,1997-05-16,M,171.7,74.2,WeightLoss
84,Paul,Herring,maryhowell@example.org,1963-05-28,M,177.8,66.9,WeightLoss
85,John,Wilson,stevenscott@example.com,1969-04-03,M,189.9,94.4,Maintain
86,Larry,Stuart,stricklandfrank@example.com,1972-01-31,M,171.6,97.2,MuscleGain
87,Lauren,Hickman,tsanders@example.org,1968-01-08,F,165.1,77.3,MuscleGain
88,Kevin,Rivas,curtisbarton@example.net,1965-11-01,M,174.6,45.0,MuscleGain
89,Renee,Hogan,reedross@example.com,2001-07-10,F,160.2,53.0,WeightLoss
90,Katie,Peterson,gshort@example.com,1965-05-10,F,152.0,62.7,Maintain
91,Mark,Poole,ryangross@example.net,1985-04-24,M,185.1,64.8,WeightLoss
92,Lisa,Gillespie,umarshall@example.net,1979-01-16,F,162.1,56.2,WeightLoss
93,Erica,Sanchez,ramirezshannon@example.com,1978-12-06,F,163.4,60.8,MuscleGain
94,Leonard,Gray,snydermark@example.com,1999-06-11,M,172.3,83.4,MuscleGain
95,Henry,Green,nicole48@example.org,1975-02-06,M,186.1,67.1,WeightLoss
96,Tiffany,Miller,wfreeman@example.org,1995-10-27,F,148.3,66.2,Maintain
97,John,Joseph,fmcguire@example.com,2007-08-30,M,177.0,74.5,WeightLoss
98,Jared,Sanchez,thomas85@example.com,1975-09-29,M,171.5,74.9,MuscleGain
99,Gary,Warner,kristopher31@example.net,1998-02-12,M,177.5,73.7,WeightLoss
100,Emily,Newton,jamesrodgers@example.com,1973-10-08,F,164.2,77.8,MuscleGain
101,William,Warren,tina34@example.org,2000-10-14,M,169.2,75.3,WeightLoss
102,Christopher,Smith,joshuamccann@example.net,1985-03-22,M,179.3,81.7,WeightLoss
103,Michael,Martinez,agarcia@example.net,1980-07-18,M,183.9,74.9,Maintain
104,John,Alexander,tammyking@example.com,1980-01-06,M,173.6,79.4,WeightLoss
105,Samantha,Morales,rayglenda@example.org,1968-06-05,F,167.8,77.8,MuscleGain
106,Roberta,Avery,mcknightdavid@example.com,1970-10-26,F,162.1,76.2,Maintain
107,Kyle,Montgomery,chayes@example.com,2001-12-04,M,177.3,80.4,WeightLoss
108,Wanda,Torres,lynchjody@example.org,2000-09-17,F,166.2,58.2,WeightLoss
109,Christine,Guerrero,johnarnold@example.org,2003-03-26,F,155.0,53.4,WeightLoss
110,Jennifer,Norris,ocarter@example.com,1960-11-05,F,167.5,75.5,WeightLoss
111,Michele,Gibson,sandrafrench@example.net,1979-11-27,F,161.9,57.2,WeightLoss
112,Matthew,Peck,owilson@example.net,2000-10-19,M,170.3,93.7,MuscleGain
113,Terry,Serrano,brownlaura@example.net,1970-10-21,M,169.2,78.1,MuscleGain
114,Thomas,Gonzales,sbarker@example.com,1999-05-26,M,171.1,72.1,WeightLoss
115,Kathryn,Snyder,georgepamela@example.net,1979-03-11,F,163.7,61.9,MuscleGain
116,Larry,Johnson,suzannehuff@example.net,1982-08-07,M,176.6,64.6,WeightLoss
117,Trevor,Key,barbara27@example.net,2000-08-14,M,170.0,79.4,Maintain
118,Jeremy,Ramirez,fwalters@example.org,2004-12-31,M,185.3,92.3,MuscleGain
119,Gregory,Cook,hodgemark@example.net,1992-08-25,M,174.9,70.0,WeightLoss
120,Dwayne,Landry,gibsonleonard@example.com,1994-05-19,M,173.0,85.9,MuscleGain
121,Wayne,Powell,sandovalamy@example.com,1968-07-21,M,178.6,100.4,MuscleGain
122,Chelsea,Cox,wgarrett@example.org,1964-05-09,F,164.8,76.3,MuscleGain
123,Debra,Anderson,samuel71@example.org,1974-07-08,F,163.6,68.2,Maintain
124,Lee,Allen,lancesmith@example.com,2003-07-16,M,169.6,82.3,MuscleGain
125,Courtney,Skinner,murraydavid@example.org,1967-01-03,F,172.2,79.5,WeightLoss
126,Tara,Carter,robert77@example.org,1994-07-31,F,156.6,78.5,WeightLoss
127,Kristen,Reyes,michellehill@example.com,1991-10-01,F,177.3,58.3,MuscleGain
128,Timothy,Romero,campbellkenneth@example.net,1983-10-17,M,170.8,56.5,WeightLoss
129,Zachary,Burns,seanwashington@example.com,2000-02-17,M,169.7,83.8,WeightLoss
130,Phillip,Bennett,molly39@example.com,1998-03-22,M,188.1,93.4,MuscleGain
131,Scott,Jenkins,julie66@example.net,1976-07-23,M,168.7,87.9,Maintain
132,William,Simpson,martineztammy@example.com,2005-01-13,M,187.8,96.2,Maintain
133,Shelly,Alexander,jsmith@example.com,1967-06-30,F,150.0,84.2,WeightLoss
134,Tracy,Jones,matthew61@example.com,2005-03-22,F,170.7,48.9,Maintain
135,Shannon,James,courtney78@example.org,2006-07-22,F,162.0,68.6,MuscleGain
136,Barry,Welch,wendy16@example.org,2002-09-07,M,179.4,69.2,MuscleGain
137,Michele,Garcia,heatherberger@example.org,2003-10-16,F,162.8,74.2,Maintain
138,Robert,Carter,ryan38@example.com,1982-09-27,M,167.1,63.6,Maintain
139,Michael,White,christianpitts@example.net,1999-03-06,M,177.3,73.0,WeightLoss
140,David,Durham,jesselittle@example.com,2007-02-25,M,175.8,96.2,MuscleGain
141,Michael,Nolan,rsantana@example.net,1978-01-15,M,189.4,103.1,WeightLoss
142,Benjamin,Landry,danielle64@example.com,1971-06-01,M,181.8,89.7,MuscleGain
143,Curtis,Cruz,yrodriguez@example.net,1981-03-23,M,168.2,90.2,MuscleGain
144,Laura,Haney,andrew64@example.org,1985-02-02,F,149.7,53.8,MuscleGain
145,Sharon,Osborne,lozanojulie@example.com,1999-03-06,F,160.1,76.6,Maintain
146,Lawrence,Gomez,christinebyrd@example.net,1976-04-28,M,175.5,101.5,WeightLoss
147,Melanie,Taylor,bergerdebbie@example.com,2005-07-10,F,150.1,67.3,Maintain
148,Andrew,Diaz,christopherphillips@example.net,1990-08-30,M,174.8,57.2,WeightLoss
149,Christopher,Anderson,alyssa42@example.com,1988-12-09,M,165.9,90.0,MuscleGain
150,Tracy,Phillips,linda71@example.org,1993-06-15,F,155.4,61.8,WeightLoss
151,Shannon,Ramsey,zcoffey@example.net,1976-01-07,F,161.6,79.5,MuscleGain
152,Ann,Foster,amanda75@example.net,1985-07-22,F,165.5,61.6,MuscleGain
153,Dennis,James,daniel37@example.org,2006-06-02,M,174.3,69.6,WeightLoss
154,Stephen,Hoffman,deborahreid@example.com,2002-10-28,M,166.6,105.6,MuscleGain
155,Elizabeth,Ortiz,brandonjohnson@example.com,2008-05-16,F,157.1,70.6,MuscleGain
156,Brent,Clay,paulwatson@example.net,1968-07-26,M,173.5,89.4,WeightLoss
157,Tracy,Barnes,nicolepena@example.com,2008-01-23,M,171.3,75.1,WeightLoss
158,Jason,Lynn,vaughnjeff@example.com,2002-07-24,M,158.9,63.8,Maintain
159,Scott,Garcia,amy50@example.com,1976-09-24,M,186.5,79.0,MuscleGain
160,Colton,Martinez,ndavis@example.net,1979-06-10,M,177.2,118.9,WeightLoss
161,Linda,Smith,john29@example.org,2004-03-07,F,161.1,56.5,Maintain
162,Ronald,Spencer,lisahall@example.org,1965-05-02,M,176.4,72.9,Maintain
163,Aaron,Garrison,vanessafernandez@example.org,2001-03-22,M,170.5,69.0,Maintain
164,Matthew,Johnson,howardkristina@example.net,1968-02-23,M,181.2,81.9,Maintain
165,Alan,Baker,judyfox@example.net,1982-09-12,M,175.5,71.7,WeightLoss
166,Karen,Strickland,hayesjeffrey@example.net,1964-12-27,F,165.8,55.6,Maintain
167,Monica,Kerr,stephen00@example.com,1963-08-13,F,155.9,51.4,Maintain
168,Jeffery,Rodriguez,fjones@example.com,1987-12-30,M,188.4,65.2,WeightLoss
169,Charles,Martinez,oscar98@example.com,2002-01-22,M,170.4,76.2,WeightLoss
170,Jonathan,Jordan,farrelldebra@example.net,1991-07-17,M,169.0,82.6,Maintain
171,Jeffrey,Beasley,dmorgan@example.com,1975-04-19,M,176.9,81.4,WeightLoss
172,Monica,Edwards,elizabeth52@example.net,1988-12-21,F,155.6,61.1,WeightLoss
173,Austin,Decker,reynoldsjulie@example.com,1992-12-08,M,178.5,70.3,WeightLoss
174,Justin,Willis,elizabeth65@example.net,1969-07-09,M,180.3,62.0,WeightLoss
175,Shawna,Griffith,caroline51@example.net,1989-06-12,F,157.4,74.8,Maintain
176,Christy,Douglas,melaniebell@example.net,1995-03-12,F,149.4,48.5,WeightLoss
177,Ashley,Ramirez,lindsaybruce@example.net,1985-09-04,F,163.8,57.1,MuscleGain
178,Megan,Hawkins,anthony44@example.com,2002-06-02,F,150.4,67.2,Maintain
179,Aaron,Kane,vjones@example.net,1984-07-20,M,170.4,82.6,Maintain
180,Anna,Moreno,vbarnes@example.org,1962-10-01,F,159.3,80.1,WeightLoss
181,Emily,Nguyen,wareeric@example.net,1985-11-05,F,167.8,54.4,WeightLoss
182,Megan,Nelson,ctucker@example.com,1964-01-19,F,172.1,45.0,WeightLoss
183,Cindy,Hunt,russell49@example.com,1979-04-03,F,166.0,65.6,WeightLoss
184,Michael,Williams,djoyce@example.org,1996-07-10,M,170.8,83.0,WeightLoss
185,Eric,Clark,kathrynroberts@example.org,1974-07-29,M,183.2,85.1,WeightLoss
186,Kathleen,Jordan,omarpadilla@example.net,1961-03-11,F,159.1,62.1,WeightLoss
187,Roy,Drake,sandersjudy@example.com,1998-09-08,M,177.8,76.9,WeightLoss
188,Joe,Miller,barbara96@example.net,1961-12-09,M,189.5,92.5,Maintain
189,Jennifer,Wilson,burchgeorge@example.net,2004-03-23,F,170.4,63.1,MuscleGain
190,Ronnie,Gillespie,kimdaniel@example.com,1991-12-22,M,167.9,59.6,MuscleGain
191,Jennifer,Miller,julie35@example.org,2000-09-26,F,162.1,88.1,MuscleGain
192,Kayla,Wilson,rebeccabailey@example.net,1965-11-11,F,160.5,78.0,WeightLoss
193,Robin,Young,jonathanthompson@example.org,2004-08-02,F,163.6,77.3,MuscleGain
194,Bernard,Bean,kmarshall@example.net,2005-04-09,M,183.0,86.1,WeightLoss
195,Melanie,Macias,michelle52@example.com,1991-03-19,F,166.4,95.2,MuscleGain
196,John,Welch,brittany58@example.org,1965-04-24,M,176.7,76.5,MuscleGain
197,Julia,Johnson,marie11@example.net,1981-10-15,F,167.8,57.7,WeightLoss
198,Jonathon,Ford,colelisa@example.net,2001-02-02,M,171.7,87.7,WeightLoss
199,Frank,Alvarez,susanhayes@example.com,1973-06-22,M,182.3,75.9,WeightLoss
200,Kathy,Thompson,jasmineritter@example.net,1966-05-28,F,155.1,62.7,MuscleGain
201,Lisa,Cox,paul59@example.org,1996-03-27,F,167.3,56.9,MuscleGain
202,Maria,Jones,grantpaul@example.com,2003-08-06,F,171.5,73.0,Maintain
203,Vincent,Morrison,mathewaguilar@example.org,2005-05-05,M,169.6,67.1,MuscleGain
204,Emily,Douglas,tanderson@example.org,1984-06-20,F,172.5,75.9,MuscleGain
205,Kristin,Schneider,lisa81@example.net,1981-09-24,F,164.0,54.5,WeightLoss
206,Jay,Cox,kyle35@example.com,2006-04-16,M,175.9,83.3,MuscleGain
207,Darrell,Taylor,phillipskristin@example.net,1973-09-24,M,178.4,84.7,Maintain
208,Russell,Stephenson,stanleynancy@example.net,1997-05-25,M,178.3,104.6,WeightLoss
209,Kyle,Moore,mariewise@example.org,1969-08-01,M,186.2,75.9,Maintain
210,Andrew,Diaz,tarabishop@example.net,1990-06-13,M,174.1,82.7,MuscleGain
211,David,Allen,mmckee@example.com,1991-03-20,M,163.2,100.4,MuscleGain
212,Theresa,Joyce,xhammond@example.com,2006-10-28,F,159.0,55.9,MuscleGain
213,Joseph,Burch,laurietaylor@example.com,1994-11-20,M,180.8,82.9,WeightLoss
214,Martin,Sawyer,dawsonzachary@example.org,1964-03-19,M,165.9,78.0,Maintain
215,Bradley,Martin,jwhitehead@example.com,1980-01-24,M,173.2,64.0,Maintain
216,Travis,Walker,bwilkerson@example.com,1966-11-27,M,173.1,49.6,WeightLoss
217,Jennifer,Brooks,xvang@example.org,1964-04-15,F,160.4,76.4,WeightLoss
218,Fernando,Garcia,lacey20@example.com,1962-08-01,M,182.9,78.8,Maintain
219,Michael,Taylor,awest@example.org,1992-10-24,M,193.0,82.7,MuscleGain
220,Dawn,Conley,srodriguez@example.org,1961-12-16,F,161.8,70.4,MuscleGain
221,Barbara,Allen,fbrown@example.net,1981-02-27,F,158.0,61.4,Maintain
222,Alexis,Robertson,jennifercarter@example.org,1997-02-21,F,158.2,59.4,MuscleGain
223,Heather,Duncan,elizabethmiller@example.com,2002-07-03,F,160.2,86.0,Maintain
224,Tiffany,Stephens,myerstheodore@example.net,1965-04-09,F,169.6,83.0,Maintain
225,Veronica,King,kellycarlos@example.org,1986-12-28,F,159.6,63.5,MuscleGain
226,Mark,Ingram,dennis58@example.com,2005-05-19,M,169.6,68.7,Maintain
227,Carrie,Maxwell,epollard@example.net,2004-05-28,F,168.5,83.3,Maintain
228,Robin,Brown,mjohnson@example.org,1973-01-25,F,154.1,61.7,MuscleGain
229,Stacey,Stewart,zachary87@example.com,1974-03-28,F,153.4,76.6,WeightLoss
230,Nicole,Lee,michelle05@example.com,1963-02-27,F,159.4,76.5,WeightLoss
231,Rebecca,Kim,ypaul@example.com,1969-02-18,F,159.5,81.9,WeightLoss
232,Jon,Jimenez,laurie61@example.com,1973-05-18,M,179.3,89.1,WeightLoss
233,Zachary,White,manuel15@example.net,2001-08-30,M,177.3,67.0,WeightLoss
234,Eric,Morrison,cjackson@example.com,1980-10-13,M,173.7,75.7,MuscleGain
235,Andrew,Berg,christina64@example.net,1991-02-03,M,170.1,65.1,WeightLoss
236,Angela,Walsh,william20@example.org,1964-07-26,F,166.2,52.6,MuscleGain
237,Megan,Kim,carlososborne@example.com,2002-01-04,F,147.4,88.4,WeightLoss
238,Janet,Bradley,erikarush@example.com,1985-04-23,F,161.3,61.5,WeightLoss
239,Phillip,Berry,raymond43@example.org,1990-11-16,M,174.7,95.2,Maintain
240,Nancy,Porter,hmcintyre@example.com,1962-06-06,F,163.1,63.6,MuscleGain
241,Michele,Lewis,heather73@example.org,1978-05-18,F,164.2,47.5,WeightLoss
242,Sarah,Hayes,zosborn@example.net,1969-11-25,F,167.2,70.1,Maintain
243,Mary,Mckinney,patricia22@example.com,1982-05-31,F,162.1,72.2,MuscleGain
244,Danny,Galloway,joelsnyder@example.com,1995-04-15,M,169.6,84.4,MuscleGain
245,Laura,Mcdonald,cherylmiller@example.com,1998-05-14,F,164.9,47.6,WeightLoss
246,Zachary,Higgins,khammond@example.org,1987-10-05,M,178.3,85.1,WeightLoss
247,Valerie,Day,howens@example.com,1969-03-12,F,173.7,80.2,MuscleGain
248,Sherry,Deleon,katrinaanderson@example.net,1969-05-25,F,153.0,60.5,Maintain
249,Ronald,Holmes,fred53@example.com,1964-06-08,M,178.6,73.3,Maintain
250,Steven,Singleton,james84@example.org,1995-12-23,M,169.7,74.7,WeightLoss
251,Elizabeth,Ferguson,brittanycarpenter@example.org,2003-03-14,F,155.5,51.8,WeightLoss
252,Lori,Winters,megan90@example.org,2005-06-28,F,169.4,56.6,WeightLoss
253,Amber,May,debra96@example.net,1966-03-11,F,165.5,70.2,WeightLoss
254,Andre,Small,dawn47@example.org,2004-02-24,M,179.9,75.1,MuscleGain
255,Jennifer,Chavez,moorerobert@example.com,2007-04-12,F,179.9,66.8,Maintain
256,Gina,Thomas,jessica56@example.org,1974-07-20,F,157.1,67.6,WeightLoss
257,Kayla,Rodriguez,stevenadams@example.org,1985-11-17,F,157.6,89.7,WeightLoss
258,Brent,Roberts,alin@example.org,1970-04-02,M,171.1,89.6,MuscleGain
259,Robert,Peck,james27@example.net,1971-07-14,M,179.4,63.2,Maintain
260,Kathleen,Parker,davisphillip@example.com,1992-06-06,F,160.3,67.1,WeightLoss
261,Daniel,Gomez,campbellcarla@example.net,1977-01-17,M,176.2,66.0,Maintain
262,John,Herrera,jordannicole@example.net,2006-06-06,M,179.3,88.7,Maintain
263,Phillip,Diaz,jwilliams@example.org,1985-07-22,M,180.8,87.5,WeightLoss
264,Juan,Jones,rduran@example.net,1985-05-02,M,163.4,87.2,MuscleGain
265,Levi,Anderson,longlaura@example.com,2006-12-19,M,176.9,66.7,WeightLoss
266,Todd,Fischer,carriemorales@example.org,1998-08-16,M,182.4,81.5,MuscleGain
267,Andrew,Reeves,jstone@example.net,1963-10-01,M,175.2,82.4,MuscleGain
268,Brenda,Velazquez,francisco94@example.net,1995-09-29,F,158.4,69.2,Maintain
269,Jordan,Hicks,terickson@example.com,1983-07-22,M,172.0,78.3,MuscleGain
270,Jacob,Nunez,ysilva@example.net,1961-10-18,M,171.6,97.1,Maintain
271,Mark,Carlson,tammy99@example.org,2007-06-27,M,173.7,76.7,Maintain
272,Kevin,Jackson,rhernandez@example.org,1964-02-28,M,176.4,94.4,MuscleGain
273,Laura,Graves,andrewedwards@example.org,1962-10-24,F,163.9,78.7,MuscleGain
274,Melissa,Jenkins,vsalas@example.net,1988-10-07,F,169.5,61.8,WeightLoss
275,Michael,Stone,whitney78@example.com,1964-11-26,M,191.1,77.6,WeightLoss
276,Tyler,Stevens,amy49@example.com,1982-01-06,M,185.2,101.0,WeightLoss
277,Tina,Ramirez,jeffrey44@example.net,1973-09-30,F,159.1,64.6,Maintain
278,Michael,Burns,ybailey@example.net,1974-10-08,M,168.6,70.0,Maintain
279,Dwayne,Berry,zhuang@example.com,1979-04-10,M,174.8,84.8,WeightLoss
280,Donna,Roberts,reedscott@example.com,1970-08-19,F,155.0,79.8,MuscleGain
281,Daniel,Clayton,sarah42@example.org,1993-04-07,M,174.7,90.1,MuscleGain
282,Natalie,Allen,santiagoamanda@example.net,2002-07-24,F,164.7,70.0,WeightLoss
283,Amy,Gutierrez,xgarcia@example.org,1976-07-05,F,164.0,97.5,Maintain
284,Vincent,Spence,richarddonovan@example.com,1961-01-06,M,171.3,74.5,WeightLoss
285,Marie,Avila,manuel01@example.net,1993-02-26,F,157.5,82.3,MuscleGain
286,Crystal,Rodgers,gentrygregory@example.org,1999-09-26,F,158.0,58.0,MuscleGain
287,Yolanda,Sanders,vlopez@example.com,1963-02-20,F,158.1,75.6,WeightLoss
288,Alexandra,Bradley,hebertmatthew@example.com,1963-03-20,F,151.4,86.6,MuscleGain
289,Kimberly,Snyder,melissamcdonald@example.org,2004-04-21,F,157.7,63.3,MuscleGain
290,Erin,Simon,jennifer05@example.com,1968-04-30,F,164.3,75.9,WeightLoss
291,Michael,Lee,gwilcox@example.com,1999-04-21,M,173.8,72.4,Maintain
292,James,Davis,thomasboyle@example.org,1966-07-26,M,169.9,81.6,WeightLoss
293,Janet,Griffin,stephanie49@example.net,1978-05-30,F,158.4,70.7,WeightLoss
294,Alexandra,Valdez,bryanwilson@example.com,1999-08-25,F,170.3,98.3,MuscleGain
295,Jennifer,Shaw,hannah45@example.net,1971-07-14,F,158.6,80.5,WeightLoss
296,Colleen,Anderson,spencerzhang@example.com,1975-09-11,F,174.9,75.0,Maintain
297,Michael,Durham,kathleenbecker@example.net,1988-12-17,M,179.1,95.3,MuscleGain
298,Kelly,Rice,christian91@example.org,1966-03-27,F,165.6,80.8,Maintain
299,Stephanie,Harris,franklinbond@example.com,1997-12-06,F,171.7,75.8,WeightLoss
300,Melanie,Love,gdavis@example.com,1968-07-29,F,163.0,82.5,MuscleGain
301,Jesse,Palmer,jelliott@example.com,1964-06-13,M,177.6,77.3,WeightLoss
302,Renee,Cummings,ascott@example.net,2006-06-12,F,170.9,70.3,MuscleGain
303,Kenneth,Williams,isabella80@example.org,1975-06-29,M,165.5,91.0,MuscleGain
304,Amanda,Ortiz,katiegood@example.net,1992-10-15,F,177.1,64.3,WeightLoss
305,James,Vance,ykane@example.com,1989-04-09,M,176.7,100.9,WeightLoss
306,Michael,Stanley,desireebailey@example.org,1966-02-15,M,177.0,89.3,WeightLoss
307,James,Anderson,maryavila@example.com,1997-03-23,M,171.9,84.3,WeightLoss
308,Megan,Stephens,pmorrow@example.com,1992-03-04,F,154.8,69.6,MuscleGain
309,Brittney,Lopez,johnsondonna@example.net,1984-03-21,F,170.4,49.7,WeightLoss
310,Cynthia,Jones,griffinemily@example.org,1961-09-23,F,164.6,86.8,WeightLoss
311,Natalie,Morales,amberwebster@example.org,1977-04-26,F,158.1,90.6,WeightLoss
312,Kathy,Roberts,barbara53@example.com,1970-03-15,F,146.6,73.3,WeightLoss
313,William,Boyd,dturner@example.net,1970-05-31,M,167.9,90.5,WeightLoss
314,Shawn,Buck,dpeters@example.com,2000-12-04,M,171.1,66.6,WeightLoss
315,Megan,Floyd,heather62@example.com,2004-06-10,F,166.6,66.8,WeightLoss
316,Catherine,Medina,melissaturner@example.net,1986-04-13,F,154.5,49.7,Maintain
317,Robert,Melendez,jfaulkner@example.net,1970-06-27,M,174.7,84.9,WeightLoss
318,Jasmine,Scott,deborah75@example.org,1969-10-15,F,164.5,53.0,WeightLoss
319,Nathaniel,Lee,nicholas99@example.org,1997-02-11,M,174.4,95.4,MuscleGain
320,Cole,Gill,timothybooth@example.com,1965-08-14,M,178.2,88.8,WeightLoss
321,Tyler,Smith,suzannewilson@example.com,1981-04-18,M,179.5,97.9,MuscleGain
322,Michael,Padilla,jherman@example.com,1977-03-04,M,180.0,80.9,MuscleGain
323,Jamie,Ferguson,kyle58@example.com,1979-12-05,F,157.3,89.6,WeightLoss
324,Brett,Zavala,ugill@example.org,1992-05-17,M,165.0,83.5,MuscleGain
325,Emily,Williams,joycesmith@example.net,1985-11-21,F,167.9,60.2,MuscleGain
326,Lauren,Butler,jameshall@example.net,2000-05-29,F,148.8,62.6,WeightLoss
327,Jonathan,Pena,jonathan77@example.com,1977-05-21,M,163.9,91.1,WeightLoss
328,Morgan,Bell,jenniferfreeman@example.net,1972-02-11,F,165.0,56.4,WeightLoss
329,Tyler,Warren,landryelizabeth@example.org,2004-05-04,M,175.0,68.1,WeightLoss
330,Chad,Mccoy,mannalbert@example.net,1988-09-23,M,181.1,79.3,MuscleGain
331,Jake,Williamson,bhopkins@example.org,1991-09-12,M,176.5,57.5,WeightLoss
332,Kristen,Smith,amanda40@example.net,1996-11-18,F,157.2,56.0,WeightLoss
333,Michael,Drake,danieldavis@example.org,2008-02-26,M,187.6,89.7,WeightLoss
334,Cheryl,Fox,joseph61@example.com,1977-01-23,F,166.0,84.8,MuscleGain
335,Jimmy,Sanchez,kevinclayton@example.org,1988-04-17,M,175.4,74.2,Maintain
336,Wendy,Santos,davisnicholas@example.net,2005-02-24,F,164.8,78.7,MuscleGain
337,Amy,Smith,christopherbruce@example.net,1993-01-21,F,169.3,61.6,WeightLoss
338,Kylie,Hodge,jacobsonsamantha@example.org,1983-03-17,F,163.4,92.9,WeightLoss
339,Steven,Schwartz,enelson@example.net,1975-01-19,M,187.2,84.4,MuscleGain
340,Steven,Elliott,whitemelissa@example.org,1979-09-29,M,171.6,78.2,Maintain
341,Kevin,Goodwin,thickman@example.org,1974-10-05,M,178.7,75.1,MuscleGain
342,Cynthia,Davenport,irhodes@example.com,1999-01-16,F,177.0,88.7,MuscleGain
343,Perry,Taylor,masonterri@example.org,1986-10-14,M,175.3,83.4,WeightLoss
344,Jeffrey,Roberson,cassie99@example.com,1967-04-24,M,167.8,78.9,WeightLoss
345,Alyssa,Nelson,whenry@example.net,1982-11-16,F,164.8,75.8,MuscleGain
346,Jessica,Frazier,nmiller@example.com,1986-03-19,F,173.0,53.3,WeightLoss
347,Micheal,Miller,normanbowers@example.org,1977-06-08,M,176.6,94.6,WeightLoss
348,Emily,Rodriguez,hahnsean@example.com,1987-03-07,F,158.8,80.9,MuscleGain
349,Brandi,Lopez,ghawkins@example.com,1967-08-15,F,160.8,78.6,WeightLoss
350,Alexander,Gomez,carlsonkristen@example.com,1967-09-11,M,164.0,99.7,Maintain
351,Edgar,Hughes,hardyanita@example.org,1961-07-03,M,170.6,86.7,WeightLoss
352,Joseph,Jennings,dominicturner@example.com,1999-08-03,M,176.8,75.4,MuscleGain
353,Amy,Hamilton,yevans@example.org,1970-08-06,F,161.8,82.1,Maintain
354,David,Wright,mwheeler@example.com,1985-03-28,M,172.4,91.3,WeightLoss
355,Brandy,Smith,ncook@example.com,1967-12-11,F,170.0,47.1,MuscleGain
356,Jessica,Jordan,kevinmorrison@example.net,1983-02-02,F,154.2,52.5,WeightLoss
357,Karen,Thompson,snovak@example.net,1974-05-02,F,158.7,72.2,MuscleGain
358,Mackenzie,Faulkner,markramirez@example.com,2007-12-16,F,165.3,68.9,Maintain
359,Ashley,Elliott,erinpierce@example.net,1985-07-03,F,169.0,62.1,WeightLoss
360,Tommy,Clark,marie16@example.net,1992-01-29,M,172.0,100.0,Maintain
361,Brenda,Turner,donna66@example.org,1994-08-23,F,159.6,63.8,MuscleGain
362,William,Mendoza,sferguson@example.com,1991-03-23,M,189.5,86.6,WeightLoss
363,Andrew,Schmitt,rodriguezjohn@example.net,1997-08-29,M,182.2,84.9,Maintain
364,Carol,Salazar,vrasmussen@example.com,1984-10-27,F,160.6,67.1,MuscleGain
365,Adam,Green,seanmyers@example.net,1967-11-16,M,180.1,82.6,MuscleGain
366,Melissa,Hernandez,webbkenneth@example.org,2000-09-19,F,161.4,68.9,Maintain
367,Ronald,Cross,larry73@example.net,1968-07-24,M,181.4,86.2,Maintain
368,Hannah,Davis,tflores@example.org,1993-07-12,F,141.7,93.1,MuscleGain
369,Alison,Cooper,byrdfrank@example.net,1968-06-30,F,169.8,55.5,Maintain
370,Kelli,Arnold,anita73@example.com,1977-04-06,F,154.6,60.5,WeightLoss
371,Cathy,Davidson,vfoster@example.net,2003-07-09,F,160.7,70.6,WeightLoss
372,Jerry,Jordan,bushjamie@example.net,1974-02-03,M,178.5,83.8,Maintain
373,Laura,Lloyd,michaelgonzalez@example.org,1964-12-03,F,178.8,67.3,WeightLoss
374,Megan,Burns,candice96@example.net,1978-07-08,F,169.4,81.3,WeightLoss
375,Hannah,Bruce,lisamccarthy@example.com,1968-06-09,F,166.5,54.3,Maintain
376,Kevin,Powers,david41@example.org,2002-06-25,M,167.0,85.6,MuscleGain
377,Melissa,Dixon,kcarlson@example.com,1986-01-25,F,161.6,71.9,WeightLoss
378,Cody,Reid,angelaburns@example.org,1989-06-14,M,178.0,101.4,Maintain
379,Emily,Hayes,glennstephanie@example.com,1973-05-25,F,160.3,79.6,Maintain
380,Cory,Cruz,fortiz@example.com,1969-12-15,M,166.4,89.2,MuscleGain
381,Katherine,Miller,flynnjeffrey@example.org,1990-11-13,F,159.9,84.5,WeightLoss
382,Danny,Roberts,xcunningham@example.com,1979-05-15,M,175.9,79.9,MuscleGain
383,Kayla,Armstrong,kimberly58@example.org,1998-01-27,F,154.3,50.7,MuscleGain
384,Joshua,Fritz,fitzgeralddesiree@example.org,1990-09-13,M,169.1,70.1,WeightLoss
385,Shaun,Johnson,michael17@example.org,1980-12-03,M,170.5,66.1,Maintain
386,Christine,Rojas,michelle96@example.org,1976-10-15,F,169.1,59.7,Maintain
387,Brenda,Clark,lindahudson@example.net,2002-08-05,F,168.9,64.1,WeightLoss
388,Kyle,Jackson,keith48@example.net,1979-10-17,M,191.0,65.3,MuscleGain
389,Brandy,Brady,rsellers@example.net,1967-02-22,F,169.2,97.3,MuscleGain
390,Meredith,Anderson,jenniferpoole@example.net,1969-04-19,F,165.9,75.1,WeightLoss
391,John,Ray,courtney67@example.org,1987-05-22,M,180.3,85.4,MuscleGain
392,Robert,Mack,rrobertson@example.net,2003-10-13,M,174.6,73.0,MuscleGain
393,Jesse,Freeman,meltonmelanie@example.org,1985-10-12,M,163.1,80.8,MuscleGain
394,Madison,Terry,flynnraymond@example.com,1991-11-11,F,154.3,70.2,MuscleGain
395,Kathleen,Morris,matthew92@example.net,1975-01-30,F,168.4,49.2,WeightLoss
396,Rachel,Shannon,williamsconnie@example.com,1993-09-10,F,168.6,56.2,Maintain
397,Caleb,Mathews,bbryant@example.org,1961-10-09,M,178.9,70.4,MuscleGain
398,Theodore,Khan,erik41@example.net,2007-07-11,M,165.7,74.8,WeightLoss
399,David,Watson,brettgarrett@example.net,1985-03-11,M,163.8,87.3,Maintain
400,Nicole,Patterson,padillaaaron@example.com,2008-04-05,F,165.9,70.7,Maintain
401,Brandi,Perez,ssmith@example.com,1965-12-20,F,162.9,62.8,WeightLoss
402,Virginia,Henderson,timperez@example.org,1968-11-14,F,165.8,68.6,Maintain
403,Ashley,Richardson,derrick22@example.org,1967-08-20,F,157.1,60.0,MuscleGain
404,Kristine,Bishop,scottbowen@example.net,1996-10-06,F,174.2,53.1,Maintain
405,Tamara,Jensen,fheath@example.org,1970-12-19,F,157.0,78.7,MuscleGain
406,Nicole,Lawrence,bbell@example.com,1970-03-12,F,170.7,59.9,WeightLoss
407,Danielle,Newman,angelagreene@example.net,1970-03-07,F,156.2,93.7,MuscleGain
408,Peggy,Vaughn,jamie98@example.org,1980-01-20,F,164.2,75.6,Maintain
409,Edward,Brown,troyrodriguez@example.com,1987-04-29,M,173.7,80.4,MuscleGain
410,Kirk,Rice,hatfieldsarah@example.org,2004-02-01,M,174.0,93.6,Maintain
411,Shannon,Carroll,amy27@example.org,1986-12-27,F,158.1,51.6,WeightLoss
412,Laurie,Smith,billbrown@example.com,1961-10-19,F,180.1,58.4,MuscleGain
413,Donna,Marquez,zhenderson@example.org,1995-02-20,F,173.7,61.4,WeightLoss
414,Joshua,Jensen,christopher18@example.org,2004-04-02,M,186.4,77.5,MuscleGain
415,Joshua,Myers,collinssamuel@example.org,1971-03-28,M,170.9,69.8,WeightLoss
416,Dana,Middleton,chavezchelsea@example.com,1964-08-09,F,153.4,68.4,Maintain
417,Natalie,Yang,smithderrick@example.org,2005-12-28,F,163.6,49.3,WeightLoss
418,Kathleen,Reed,gary24@example.net,1971-10-25,F,167.8,45.0,WeightLoss
419,Raymond,Johnson,enelson@example.com,1968-09-12,M,183.6,67.5,WeightLoss
420,Mark,Crawford,brian92@example.com,1999-11-27,M,177.9,73.5,WeightLoss
421,Dawn,Garcia,perezwilliam@example.org,1971-05-15,F,165.9,68.9,WeightLoss
422,Dana,Ruiz,lmora@example.org,1961-07-02,F,155.6,70.0,MuscleGain
423,Regina,Klein,pwalker@example.com,1998-04-15,F,161.2,57.2,Maintain
424,Denise,Miller,david02@example.org,1982-06-09,F,170.7,81.1,Maintain
425,Vicki,Finley,wileymichelle@example.com,1995-10-06,F,154.4,64.2,Maintain
426,Brandon,Bryant,james94@example.net,1982-12-09,M,176.0,109.8,MuscleGain
427,David,Richardson,xcuevas@example.org,2003-01-15,M,176.3,78.3,MuscleGain
428,Paige,Sanchez,randolphandrew@example.net,1997-11-09,F,160.9,76.5,Maintain
429,Mark,Steele,tapiaaaron@example.net,1984-03-28,M,169.5,66.0,WeightLoss
430,Samuel,Acosta,harristonya@example.com,1986-04-09,M,178.6,68.8,Maintain
431,Tyrone,Kaufman,jenniferdavis@example.org,1994-02-23,M,177.7,111.9,WeightLoss
432,Jennifer,Huang,fvillegas@example.net,1996-01-13,F,167.9,69.0,Maintain
433,Jonathan,Walsh,kjones@example.org,1967-03-03,M,181.4,78.5,WeightLoss
434,Matthew,Anderson,jose56@example.net,1990-04-07,M,177.3,74.0,WeightLoss
435,Emily,Nelson,hardingderek@example.net,1982-11-13,F,160.8,58.9,WeightLoss
436,Christopher,Martin,hedwards@example.net,1968-01-30,M,168.7,82.3,MuscleGain
437,Vincent,Clark,steven11@example.org,1985-01-17,M,182.6,87.7,WeightLoss
438,Eric,Bush,lewismelissa@example.org,2007-05-08,M,180.7,98.7,MuscleGain
439,Michelle,Schmitt,rpalmer@example.com,1966-11-15,F,162.1,52.3,MuscleGain
440,Robert,Thompson,jbond@example.net,1978-05-15,M,172.9,74.7,MuscleGain
441,David,Murray,davidbrown@example.org,1998-02-06,M,175.4,88.4,WeightLoss
442,Christina,Morales,aguilarjonathan@example.org,1969-07-23,F,165.4,68.8,MuscleGain
443,Zachary,Gonzalez,flamb@example.com,1962-02-23,M,168.4,80.3,Maintain
444,Amanda,Murray,sandrahamilton@example.net,1969-01-01,F,166.2,86.4,Maintain
445,Jon,Reyes,nthompson@example.org,1987-07-18,M,173.5,99.9,WeightLoss
446,Diana,Stephenson,mendezchristina@example.net,1979-05-18,F,159.6,60.6,Maintain
447,Kathleen,Andrade,rbrown@example.com,1980-09-29,F,159.3,70.0,MuscleGain
448,Jennifer,Day,crystalpham@example.org,1970-01-02,F,162.0,73.2,MuscleGain
449,Rachael,Howard,kcooper@example.net,1986-09-11,F,168.6,50.2,Maintain
450,James,White,carla04@example.org,1982-07-20,M,181.5,65.6,Maintain
451,Kendra,Wang,terrigarcia@example.net,1992-10-05,F,153.8,46.4,WeightLoss
452,Deborah,Velasquez,gallagherstacie@example.net,1977-01-27,F,167.3,61.1,MuscleGain
453,Heather,Combs,gregorywatkins@example.net,1987-02-05,F,158.2,72.7,Maintain
454,Heather,Vargas,stacey92@example.net,2008-02-20,F,163.3,67.8,WeightLoss
455,Sara,Cochran,lweaver@example.com,1973-06-22,F,162.8,56.3,WeightLoss
456,Brandon,Hall,andrewwoods@example.com,1963-04-01,M,173.9,81.7,Maintain
457,Christina,Anderson,samantharichard@example.com,2002-06-16,F,158.9,57.4,Maintain
458,Alison,Willis,kimmathis@example.com,1964-09-19,F,174.0,51.5,Maintain
459,James,Mcmahon,vwillis@example.com,1965-08-07,M,185.3,79.5,MuscleGain
460,Breanna,Moore,fconner@example.net,1982-08-14,F,169.3,60.7,WeightLoss
461,Christopher,Novak,jeffrey92@example.com,1982-04-04,M,179.7,76.1,MuscleGain
462,Nicholas,Phillips,jessicarush@example.net,1981-07-18,M,170.8,90.9,MuscleGain
463,Samuel,Townsend,whitelucas@example.net,1987-04-25,M,184.1,100.7,WeightLoss
464,Margaret,Garcia,vtaylor@example.org,1975-09-12,F,156.7,73.5,WeightLoss
465,Hannah,Flores,underwoodelizabeth@example.net,1976-11-10,F,176.1,69.6,MuscleGain
466,Jeremy,Baker,heatherbell@example.org,1983-07-07,M,176.3,65.8,Maintain
467,Amber,Kim,acosta@example.com,1960-10-01,F,170.4,60.1,MuscleGain
468,Gregory,Bennett,kkramer@example.net,1986-06-08,M,178.8,96.2,WeightLoss
469,Courtney,Hayes,phillipslucas@example.org,2007-06-05,F,169.0,58.9,MuscleGain
470,Gloria,Barron,jessicapayne@example.org,1965-09-18,F,172.5,64.1,Maintain
471,Linda,Austin,bbush@example.net,1983-08-30,F,171.3,74.7,Maintain
472,Lisa,Hamilton,garciajamie@example.org,1971-11-23,F,177.2,60.3,Maintain
473,Melissa,Bowen,donna43@example.org,1988-07-07,F,162.4,71.2,MuscleGain
474,Jenna,Dunn,xhernandez@example.org,1964-01-16,F,165.6,74.5,Maintain
475,Anita,Colon,bgonzalez@example.org,1989-10-06,F,159.4,57.9,Maintain
476,Mark,Rowland,tanthony@example.com,1972-04-16,M,161.2,106.7,Maintain
477,John,Guerrero,maypaul@example.com,1992-09-17,M,173.5,78.7,Maintain
478,Jaclyn,Griffin,scott43@example.com,1986-08-15,F,167.7,78.3,Maintain
479,Amy,Goodwin,millermaurice@example.net,1999-01-23,F,160.8,71.4,WeightLoss
480,Tracy,Lawrence,randallloretta@example.com,1988-11-01,F,173.3,73.9,WeightLoss
481,Michael,Mayer,thomasmiller@example.net,1997-02-08,M,179.6,96.1,MuscleGain
482,Kathryn,Lester,davidtodd@example.org,1963-01-11,F,152.9,72.8,MuscleGain
483,Valerie,Stokes,bradmiller@example.net,1972-01-15,F,158.3,75.0,WeightLoss
484,Dakota,Carson,maryscott@example.net,1990-04-17,M,175.1,85.7,MuscleGain
485,Angie,Hawkins,melissa87@example.org,1965-03-23,F,163.7,99.2,Maintain
486,Marcus,Mills,jrodriguez@example.org,2008-04-29,M,162.7,91.0,MuscleGain
487,Leah,Chang,buckleyanna@example.org,1999-03-22,F,171.0,76.1,Maintain
488,Sharon,Beard,pbaker@example.com,1980-02-18,F,153.4,65.5,MuscleGain
489,Lee,Johnson,richard99@example.net,1999-08-04,M,170.9,89.1,WeightLoss
490,James,Foster,hannah07@example.com,2007-11-14,M,177.8,67.6,WeightLoss
491,Alicia,Roth,larry71@example.org,1986-01-04,F,170.4,60.7,WeightLoss
492,Eric,Manning,joseph69@example.net,1969-10-23,M,175.1,72.6,Maintain
493,Cole,Lewis,wfigueroa@example.net,1966-09-28,M,174.2,87.0,WeightLoss
494,Samantha,Robertson,cameronmckinney@example.com,1986-02-09,F,158.9,76.7,MuscleGain
495,Phyllis,Warren,thompsonnancy@example.org,1969-11-23,F,174.1,63.2,MuscleGain
496,David,Bryant,janet45@example.com,1964-08-02,M,181.5,65.0,Maintain
497,James,Leblanc,allentracy@example.com,1995-01-14,M,164.3,97.2,Maintain
498,Toni,Wells,max41@example.com,1972-09-30,F,179.9,61.2,Maintain
499,Jasmine,Martin,mercedesholland@example.net,1962-07-14,F,172.8,92.1,WeightLoss
500,Debra,Ortiz,hancocktammy@example.net,1974-09-25,F,170.5,80.3,WeightLoss
